id,system,difficulty,latency,faithfulness,answer_relevancy,context_precision,context_recall
Q001,talrag,easy,27.171826599999804,0.25,0.0,0.0,0.0
Q002,talrag,easy,49.58053800000016,0.7272727272727273,0.8833785760548731,0.0,0.0
Q003,talrag,easy,8.947774899999786,0.71875,0.0,0.0,0.0
Q004,talrag,easy,50.51238409999996,0.8846153846153846,0.0,0.0,0.0
Q005,talrag,easy,43.71560479999971,0.0,0.8352191631110084,0.0,0.0
Q006,talrag,easy,33.36632209999971,0.0,0.8696711172786353,0.0,0.0
Q007,talrag,easy,5.22054259999959,1.0,0.0,0.9999999999,0.0
Q008,talrag,easy,50.6875500000001,0.6,0.8617440607667544,0.0,0.0
Q009,talrag,easy,51.81079739999996,0.7058823529411765,0.0,0.0,0.0
Q010,talrag,easy,46.73303299999998,0.0,0.8922618794983863,0.0,0.0
Q011,talrag,easy,9.34104520000028,0.0,0.8914953424584631,0.0,0.0
Q012,talrag,easy,9.08165000000008,0.0,0.0,0.0,0.0
Q013,talrag,easy,14.02651620000006,0.0,0.867188932680687,0.0,0.0
Q014,talrag,easy,52.64284069999985,0.0,0.8467823884739745,0.0,0.0
Q015,talrag,easy,5.854019099999732,0.6666666666666666,0.0,0.0,0.0
Q016,talrag,easy,2.949733599999945,0.6666666666666666,0.924107940770711,0.49999999995,1.0
Q017,talrag,easy,32.600194699999975,0.0,0.0,0.0,0.0
Q018,talrag,easy,40.97224670000014,0.0,0.890824130066304,0.0,0.0
Q019,talrag,easy,34.014020900000105,0.0,0.8758737330859221,0.0,0.0
Q020,talrag,easy,42.23277120000012,0.0,0.875519759917481,0.0,0.0
Q021,talrag,easy,28.595668299999943,0.0,0.8224718989387313,0.0,0.0
Q022,talrag,easy,19.42993209999986,0.0,0.8003801799339955,0.0,0.0
Q023,talrag,easy,24.230646799999704,0.0,0.8665920877443397,0.0,0.0
Q024,talrag,easy,8.355066499999793,0.2,0.0,0.0,0.0
Q025,talrag,easy,46.24238080000032,0.0,0.8411924861091622,0.0,0.0
Q026,talrag,easy,39.374674799999866,0.6451612903225806,0.9011545418779048,0.0,0.0
Q027,talrag,easy,35.285550200000216,0.0,0.8664751066447368,0.0,0.0
Q028,talrag,easy,35.97231699999975,0.0,0.8587391243895142,0.0,0.0
Q029,talrag,easy,5.687664400000358,0.5,0.0,0.0,0.0
Q030,talrag,easy,4.06945769999993,1.0,0.0,0.0,0.0
Q031,talrag,easy,37.53460570000016,0.0,0.8662156813765318,0.0,0.0
Q032,talrag,easy,7.070847200000117,0.75,0.0,0.0,0.0
Q033,talrag,easy,9.919103300000188,1.0,0.8518642514393111,0.249999999975,0.0
Q034,talrag,easy,44.682360500000414,0.0,0.0,0.0,0.0
Q035,talrag,easy,5.446024099999704,1.0,0.0,0.8874999999778125,0.0
Q036,talrag,easy,2.847070000000258,1.0,0.879626710434897,0.999999999975,1.0
Q037,talrag,easy,55.20349679999981,0.0,0.8507510995804725,0.0,0.0
Q038,talrag,easy,44.98723329999984,0.0,0.893557090837186,0.0,0.0
Q039,talrag,easy,36.94483360000004,0.0,0.8914733602393367,0.0,0.0
Q040,talrag,easy,3.5168242000004284,1.0,0.8482354216346663,0.0,0.0
Q041,talrag,medium,36.11813849999999,0.1363636363636363,0.0,0.0,0.0
Q042,talrag,medium,8.803098500000033,0.0,0.0,0.0,0.0
Q043,talrag,medium,48.49750029999996,0.0,0.0,0.0,0.0
Q044,talrag,medium,7.5697325000001,0.4285714285714285,0.0,0.0,0.0
Q045,talrag,medium,8.495427899999868,0.75,0.0,0.0,0.0
Q046,talrag,medium,50.20581979999997,0.875,0.8886621140216415,0.0,0.0
Q047,talrag,medium,36.78357649999998,1.0,0.8618251860106113,0.0,0.0
Q048,talrag,medium,51.61823089999962,0.0,0.8631557199631023,0.0,0.0
Q049,talrag,medium,5.476058600000215,1.0,0.8635250597852473,0.7555555555303703,1.0
Q050,talrag,medium,49.463509599999725,0.0,0.8107392676235841,0.0,0.0
Q051,talrag,medium,46.89205489999995,0.8448275862068966,0.915967423060185,0.0,0.0
Q052,talrag,medium,31.47346379999999,0.1875,0.0,0.0,0.0
Q053,talrag,medium,4.444874400000117,0.8461538461538461,0.8646207230014582,0.9999999999666668,1.0
Q054,talrag,medium,34.43993210000008,0.9,0.8344838168949955,0.0,0.0
Q055,talrag,medium,33.35351069999979,0.0,0.8577834986177449,0.0,0.0
Q056,talrag,medium,6.371330599999965,0.5,0.0,0.9999999999,0.0
Q057,talrag,medium,9.628566200000025,0.0,0.0,0.0,0.0
Q058,talrag,medium,19.314077500000167,0.0,0.8405123738873632,0.0,0.0
Q059,talrag,medium,35.48484830000007,0.0,0.8179698229714076,0.0,0.0
Q060,talrag,medium,10.36316140000008,0.0512820512820512,0.8578944166920897,0.0,0.0
Q061,talrag,medium,30.646583600000213,0.0,0.0,0.0,0.0
Q062,talrag,medium,8.48284489999969,0.6666666666666666,0.0,0.0,0.0
Q063,talrag,medium,37.82349040000008,0.0,0.8784854056655987,0.0,0.0
Q064,talrag,medium,42.67506899999989,0.0,0.8816933862670178,0.0,0.0
Q065,talrag,medium,5.339294999999765,1.0,0.8510006004852004,0.94999999997625,1.0
Q066,talrag,medium,7.579770499999995,1.0,0.0,0.3333333333,0.0
Q067,talrag,medium,5.4931854000001294,1.0,0.8708067458268633,0.99999999998,1.0
Q068,talrag,medium,5.165012899999965,1.0,0.8821505211056742,0.99999999998,1.0
Q069,talrag,medium,5.320238100000097,0.7692307692307693,0.8854723065504378,0.699999999965,1.0
Q070,talrag,medium,31.41134090000014,0.0,0.8701528516593185,0.0,0.0
Q071,talrag,medium,7.350180999999793,0.25,0.0,0.0,0.0
Q072,talrag,medium,37.105917899999895,0.0,0.8143330863428236,0.0,0.0
Q073,talrag,medium,37.36037980000037,0.0,0.8501629684107104,0.0,0.0
Q074,talrag,medium,33.72876989999986,0.9,0.8866727658815531,0.0,0.0
Q075,talrag,medium,36.18165380000028,0.0,0.8987914180106467,0.0,0.0
Q076,talrag,hard,12.99624429999949,0.0535714285714285,0.0,0.9999999999,0.0
Q077,talrag,hard,14.185344600000462,0.8852459016393442,0.0,0.0,1.0
Q078,talrag,hard,33.80283899999995,0.0,0.0,0.0,0.0
Q079,talrag,hard,11.62548979999974,0.8421052631578947,0.0,0.3333333333,1.0
Q080,talrag,hard,15.996661400000448,0.5,0.0,0.0,0.0
Q081,talrag,hard,13.539635699999964,0.8928571428571429,0.0,0.0,0.0
Q082,talrag,hard,10.794439299999794,0.96,0.0,0.3333333333,1.0
Q083,talrag,hard,17.78553499999998,0.8852459016393442,0.0,0.0,0.0
Q084,talrag,hard,12.521615000000564,0.875,0.0,0.0,0.0
Q085,talrag,hard,34.9599490999999,0.0,0.0,0.9999999999,1.0
Q086,talrag,hard,18.461517900000217,0.0256410256410256,0.0,0.0,0.0
Q087,talrag,hard,4.660832200000186,0.625,0.0,0.0,0.0
Q088,talrag,hard,10.833720099999482,0.7,0.0,0.9999999999,0.3333333333333333
Q089,talrag,hard,6.868473200000153,0.9523809523809524,0.8481329120076718,0.999999999975,0.5
Q090,talrag,hard,12.98658609999984,0.8571428571428571,0.0,0.99999999998,0.5
Q091,talrag,hard,14.115391499999532,0.7333333333333333,0.0,0.6791666666496875,1.0
Q092,talrag,hard,35.13435849999951,0.0,0.0,0.9999999999,0.0
Q093,talrag,hard,13.999384899999312,0.0,0.0,0.0,0.0
Q094,talrag,hard,30.814112199999727,0.0,0.0,0.9999999999,0.0
Q095,talrag,hard,6.321551799999725,1.0,0.7223618678791836,0.0,0.0
Q096,talrag,hard,38.16939559999992,0.6052631578947368,0.8346590543263428,0.0,0.0
Q097,talrag,hard,35.39255360000061,0.0,0.0,0.0,0.0
Q098,talrag,hard,13.142650100000536,0.8181818181818182,0.0,0.99999999998,0.0
Q099,talrag,hard,34.91551250000066,0.4545454545454545,0.0,0.0,0.0
Q100,talrag,hard,29.972163000000364,0.0,0.0,0.0,0.0
Q001,itihashqa_baseline,easy,10.382653300000127,0.0,0.0,0.3333333333,0.0
Q002,itihashqa_baseline,easy,4.808781000000181,1.0,0.0,0.0,0.0
Q003,itihashqa_baseline,easy,4.471676599999682,0.5,0.0,0.0,0.0
Q004,itihashqa_baseline,easy,3.143545099999756,0.0,0.0,0.0,0.0
Q005,itihashqa_baseline,easy,3.39033100000006,0.0,0.0,0.0,0.0
Q006,itihashqa_baseline,easy,4.093691900000067,0.0,0.0,0.0,0.0
Q007,itihashqa_baseline,easy,3.0722420000001875,0.0,0.0,0.0,0.0
Q008,itihashqa_baseline,easy,3.99897749999991,0.0,0.0,0.0,0.0
Q009,itihashqa_baseline,easy,2.8694242999999915,1.0,0.0,0.0,0.0
Q010,itihashqa_baseline,easy,2.82201860000032,0.0,0.0,0.0,0.0
Q011,itihashqa_baseline,easy,3.3112896000002365,0.0,0.0,0.0,0.0
Q012,itihashqa_baseline,easy,4.023368300000129,0.0,0.0,0.0,0.0
Q013,itihashqa_baseline,easy,3.408237900000131,0.0,0.0,0.0,0.0
Q014,itihashqa_baseline,easy,6.791911100000107,1.0,0.0,0.0,0.0
Q015,itihashqa_baseline,easy,3.840903499999968,1.0,0.0,0.0,0.0
Q016,itihashqa_baseline,easy,4.114173599999958,0.0,0.0,0.0,0.0
Q017,itihashqa_baseline,easy,3.691596599999684,0.0,0.0,0.0,0.0
Q018,itihashqa_baseline,easy,3.2171825999998878,0.0,0.0,0.0,0.0
Q019,itihashqa_baseline,easy,3.830565999999635,0.0,0.0,0.0,0.0
Q020,itihashqa_baseline,easy,3.862026799999967,0.0,0.0,0.0,0.0
Q021,itihashqa_baseline,easy,3.172297499999786,0.0,0.0,0.0,0.0
Q022,itihashqa_baseline,easy,4.002698600000258,1.0,0.0,0.0,0.0
Q023,itihashqa_baseline,easy,3.724409800000103,0.0,0.0,0.0,0.0
Q024,itihashqa_baseline,easy,3.353400800000145,0.0,0.0,0.0,0.0
Q025,itihashqa_baseline,easy,3.2709217000001445,0.0,0.0,0.0,0.0
Q026,itihashqa_baseline,easy,3.108607600000141,0.0,0.0,0.0,0.0
Q027,itihashqa_baseline,easy,3.225450699999783,0.0,0.0,0.0,0.0
Q028,itihashqa_baseline,easy,3.19015569999965,0.0,0.0,0.0,0.0
Q029,itihashqa_baseline,easy,3.645554100000026,0.0,0.0,0.0,0.0
Q030,itihashqa_baseline,easy,3.816225900000063,0.0,0.0,0.0,0.0
Q031,itihashqa_baseline,easy,4.259231,0.0,0.0,0.0,0.0
Q032,itihashqa_baseline,easy,2.971132399999988,0.0,0.0,0.0,0.0
Q033,itihashqa_baseline,easy,3.587346400000115,1.0,0.0,0.0,0.0
Q034,itihashqa_baseline,easy,5.281341699999757,1.0,0.0,0.0,0.0
Q035,itihashqa_baseline,easy,3.6560914000001503,0.0,0.0,0.0,0.0
Q036,itihashqa_baseline,easy,3.699563300000136,0.0,0.0,0.0,0.0
Q037,itihashqa_baseline,easy,3.3578279999996994,0.0,0.0,0.0,0.0
Q038,itihashqa_baseline,easy,3.630652400000145,0.0,0.0,0.0,0.0
Q039,itihashqa_baseline,easy,4.045171100000061,0.0,0.0,0.0,0.0
Q040,itihashqa_baseline,easy,4.915979999999763,1.0,0.9085594139173352,0.0,1.0
Q041,itihashqa_baseline,medium,4.359200099999725,0.5,0.0,0.0,1.0
Q042,itihashqa_baseline,medium,7.283336700000291,0.8888888888888888,0.9038363277772972,0.0,1.0
Q043,itihashqa_baseline,medium,3.657567799999924,1.0,0.829316886494455,0.7499999999625,1.0
Q044,itihashqa_baseline,medium,9.07281779999994,0.9090909090909092,0.0,0.9999999999,1.0
Q045,itihashqa_baseline,medium,8.179269499999918,1.0,0.8802884067530959,0.49999999995,0.0
Q046,itihashqa_baseline,medium,7.751576000000114,0.6666666666666666,0.0,0.0,0.0
Q047,itihashqa_baseline,medium,3.4893529000000854,0.0,0.0,0.0,0.0
Q048,itihashqa_baseline,medium,5.069426499999736,1.0,0.0,0.0,0.0
Q049,itihashqa_baseline,medium,5.852724700000181,1.0,0.8621182340072213,0.9999999999,1.0
Q050,itihashqa_baseline,medium,4.07381979999991,0.0,0.0,0.9999999999,1.0
Q051,itihashqa_baseline,medium,2.9401598999997987,0.0,0.0,0.19999999998,0.0
Q052,itihashqa_baseline,medium,3.1528485000003457,0.0,0.0,0.0,0.0
Q053,itihashqa_baseline,medium,5.42915529999982,0.8,0.8866635841143039,0.99999999998,1.0
Q054,itihashqa_baseline,medium,4.084521900000254,0.0,0.0,0.0,0.0
Q055,itihashqa_baseline,medium,3.802921200000128,0.0,0.0,0.0,0.0
Q056,itihashqa_baseline,medium,3.463334699999905,0.5,0.0,0.0,0.0
Q057,itihashqa_baseline,medium,2.7854121000000305,0.0,0.0,0.0,0.0
Q058,itihashqa_baseline,medium,2.9229662000002463,0.0,0.0,0.0,0.0
Q059,itihashqa_baseline,medium,2.96619630000032,0.0,0.0,0.0,0.0
Q060,itihashqa_baseline,medium,5.778944300000148,0.8333333333333334,0.8785452763315195,0.9999999999,1.0
Q061,itihashqa_baseline,medium,9.896757799999705,0.8,0.0,0.999999999975,1.0
Q062,itihashqa_baseline,medium,7.711453200000051,0.0,0.0,0.0,0.0
Q063,itihashqa_baseline,medium,9.611001200000374,0.8181818181818182,0.0,0.0,0.0
Q064,itihashqa_baseline,medium,3.531681800000115,1.0,0.0,0.0,0.0
Q065,itihashqa_baseline,medium,7.002136699999937,1.0,0.838824824206227,0.8666666666377778,0.0
Q066,itihashqa_baseline,medium,7.059256400000322,1.0,0.0,0.0,0.0
Q067,itihashqa_baseline,medium,6.4015018000000055,1.0,0.8792344149830397,0.8041666666465626,1.0
Q068,itihashqa_baseline,medium,4.811494499999753,1.0,0.8697237053507813,0.8666666666377778,0.0
Q069,itihashqa_baseline,medium,3.680936400000064,0.0,0.0,0.4166666666458333,1.0
Q070,itihashqa_baseline,medium,3.2522619999999733,0.0,0.0,0.0,0.0
Q071,itihashqa_baseline,medium,4.869850800000222,0.8,0.8919072150258267,0.249999999975,1.0
Q072,itihashqa_baseline,medium,3.70393920000015,0.0,0.0,0.9999999999,0.0
Q073,itihashqa_baseline,medium,7.111130899999807,1.0,0.881630221577942,0.5888888888692593,1.0
Q074,itihashqa_baseline,medium,7.681010900000274,1.0,0.8870735435998306,0.0,0.0
Q075,itihashqa_baseline,medium,3.984904099999767,0.0,0.0,0.19999999998,1.0
Q076,itihashqa_baseline,hard,9.422206599999754,1.0,0.0,0.19999999998,0.5
Q077,itihashqa_baseline,hard,6.572284000000309,1.0,0.8585652944202302,0.49999999995,1.0
Q078,itihashqa_baseline,hard,4.063661799999863,0.0,0.0,0.0,0.0
Q079,itihashqa_baseline,hard,3.178423300000304,1.0,0.0,0.0,0.5
Q080,itihashqa_baseline,hard,4.508991700000024,1.0,0.0,0.0,0.0
Q081,itihashqa_baseline,hard,5.269298799999888,1.0,0.0,0.0,0.0
Q082,itihashqa_baseline,hard,4.192051200000151,1.0,0.0,0.0,0.0
Q083,itihashqa_baseline,hard,4.41856800000005,1.0,0.0,0.499999999975,0.0
Q084,itihashqa_baseline,hard,7.481598899999881,1.0,0.8762861218940535,0.249999999975,0.0
Q085,itihashqa_baseline,hard,7.893547300000137,0.0,0.0,0.8666666666377778,0.0
Q086,itihashqa_baseline,hard,7.159774499999912,0.8,0.0,0.49999999995,1.0
Q087,itihashqa_baseline,hard,9.127323400000025,1.0,0.8120651990277796,0.0,0.0
Q088,itihashqa_baseline,hard,4.453541200000018,0.6666666666666666,0.0,0.0,0.0
Q089,itihashqa_baseline,hard,6.215730699999767,1.0,0.8562071129410489,0.7499999999625,1.0
Q090,itihashqa_baseline,hard,8.975931800000126,0.8,0.0,0.7555555555303703,0.5
Q091,itihashqa_baseline,hard,4.278605199999674,0.5,0.0,0.0,0.0
Q092,itihashqa_baseline,hard,6.530314799999815,0.9090909090909092,0.0,0.0,1.0
Q093,itihashqa_baseline,hard,4.437306100000114,1.0,0.0,0.0,0.0
Q094,itihashqa_baseline,hard,6.361460099999931,1.0,0.0,0.0,0.0
Q095,itihashqa_baseline,hard,4.005484400000114,0.0,0.0,0.0,0.0
Q096,itihashqa_baseline,hard,6.295509300000049,0.4444444444444444,0.8162308306727531,0.0,0.0
Q097,itihashqa_baseline,hard,4.441647600000124,0.0,0.0,0.0,0.0
Q098,itihashqa_baseline,hard,7.743387699999857,1.0,0.0,0.5888888888692593,0.0
Q099,itihashqa_baseline,hard,4.422083999999813,0.5,0.0,0.0,0.0
Q100,itihashqa_baseline,hard,4.76164400000016,0.0,0.0,0.0,1.0
Q001,notebooklm,easy,0.0,0.0,0.0,0.0,0.0
Q004,notebooklm,easy,0.0,0.0,0.0,0.0,0.0
Q006,notebooklm,easy,0.0,0.0,0.0,0.0,0.0
Q005,notebooklm,easy,0.0,0.0,0.0,0.0,0.0
Q002,notebooklm,easy,0.0,0.0,0.0,0.0,0.0
Q007,notebooklm,easy,0.0,0.0,0.0,0.0,0.0
Q003,notebooklm,easy,0.0,0.0,0.0,0.0,0.0
Q008,notebooklm,easy,0.0,0.0,0.0,0.0,0.0
Q009,notebooklm,easy,0.0,0.5,0.0,0.0,0.0
Q010,notebooklm,easy,0.0,0.0,0.0,0.0,0.0
Q011,notebooklm,easy,0.0,0.0,0.0,0.0,0.0
Q012,notebooklm,easy,0.0,0.0,0.0,0.0,0.0
Q013,notebooklm,easy,0.0,0.0,0.0,0.0,0.0
Q015,notebooklm,easy,0.0,0.0,0.0,0.0,0.0
Q014,notebooklm,easy,0.0,0.0,0.0,0.0,0.0
Q016,notebooklm,easy,0.0,0.0,0.0,0.0,0.0
Q017,notebooklm,easy,0.0,0.0,0.0,0.0,0.0
Q018,notebooklm,easy,0.0,0.0,0.0,0.0,0.0
Q019,notebooklm,easy,0.0,0.0,0.0,0.0,0.0
Q020,notebooklm,easy,0.0,0.0,0.0,0.0,0.0
Q022,notebooklm,easy,0.0,0.0,0.0,0.0,0.0
Q023,notebooklm,easy,0.0,0.0,0.0,0.0,0.0
Q024,notebooklm,easy,0.0,0.0,0.0,0.0,0.0
Q021,notebooklm,easy,0.0,0.0,0.0,0.0,0.0
Q025,notebooklm,easy,0.0,0.0,0.0,0.0,0.0
Q026,notebooklm,easy,0.0,0.5,0.0,0.0,0.0
Q027,notebooklm,easy,0.0,0.0,0.0,0.0,0.0
Q028,notebooklm,easy,0.0,0.5,0.0,0.0,0.0
Q029,notebooklm,easy,0.0,0.0,0.0,0.0,0.0
Q030,notebooklm,easy,0.0,0.0,0.0,0.0,0.0
Q031,notebooklm,easy,0.0,0.0,0.0,0.0,0.0
Q032,notebooklm,easy,0.0,0.0,0.0,0.0,0.0
Q033,notebooklm,easy,0.0,0.0,0.0,0.0,0.0
Q035,notebooklm,easy,0.0,0.0,0.0,0.0,0.0
Q034,notebooklm,easy,0.0,0.0,0.0,0.0,0.0
Q036,notebooklm,easy,0.0,0.0,0.0,0.0,0.0
Q037,notebooklm,easy,0.0,0.0,0.0,0.0,0.0
Q038,notebooklm,easy,0.0,0.0,0.0,0.0,0.0
Q039,notebooklm,easy,0.0,0.0,0.0,0.0,0.0
Q040,notebooklm,easy,0.0,1.0,0.9154401479253572,0.0,1.0
Q041,notebooklm,medium,0.0,0.0,0.0,0.0,1.0
Q043,notebooklm,medium,0.0,1.0,0.8321941037443894,0.7499999999625,1.0
Q042,notebooklm,medium,0.0,1.0,0.8789515349590337,0.49999999995,1.0
Q047,notebooklm,medium,0.0,1.0,0.0,0.0,0.0
Q046,notebooklm,medium,0.0,0.5,0.0,0.0,0.0
Q044,notebooklm,medium,0.0,0.8571428571428571,0.8985033416934328,0.9999999999,1.0
Q048,notebooklm,medium,0.0,0.5,0.0,0.0,0.0
Q045,notebooklm,medium,0.0,1.0,0.875127316254643,0.49999999995,0.0
Q050,notebooklm,medium,0.0,0.0,0.0,0.9999999999,1.0
Q049,notebooklm,medium,0.0,1.0,0.8574039736725979,0.9999999999,1.0
Q051,notebooklm,medium,0.0,0.0,0.0,0.19999999998,1.0
Q052,notebooklm,medium,0.0,0.0,0.0,0.0,0.0
Q054,notebooklm,medium,0.0,0.0,0.0,0.0,0.0
Q053,notebooklm,medium,0.0,0.7777777777777778,0.8955096172637932,0.99999999998,1.0
Q055,notebooklm,medium,0.0,0.0,0.0,0.0,0.0
Q056,notebooklm,medium,0.0,0.0,0.0,0.0,0.0
Q057,notebooklm,medium,0.0,0.0,0.0,0.0,0.0
Q058,notebooklm,medium,0.0,0.0,0.0,0.0,0.0
Q059,notebooklm,medium,0.0,0.0,0.0,0.0,0.0
Q062,notebooklm,medium,0.0,0.6666666666666666,0.0,0.0,0.0
Q064,notebooklm,medium,0.0,1.0,0.0,0.0,0.0
Q060,notebooklm,medium,0.0,0.875,0.820804997297271,0.9999999999,1.0
Q063,notebooklm,medium,0.0,0.875,0.0,0.49999999995,0.0
Q066,notebooklm,medium,0.0,0.0,0.0,0.0,0.0
Q068,notebooklm,medium,0.0,1.0,0.8940997229016352,0.8666666666377778,0.0
Q067,notebooklm,medium,0.0,0.9,0.8921117383793752,0.8041666666465626,1.0
Q065,notebooklm,medium,0.0,0.3333333333333333,0.0,0.8666666666377778,1.0
Q069,notebooklm,medium,0.0,0.0,0.0,0.4166666666458333,1.0
Q070,notebooklm,medium,0.0,0.0,0.0,0.0,0.0
Q071,notebooklm,medium,0.0,0.8888888888888888,0.8895444447175532,0.249999999975,1.0
Q072,notebooklm,medium,0.0,0.0,0.0,0.8333333332916666,0.0
Q061,notebooklm,medium,0.0,0.7272727272727273,0.8408805741707337,0.99999999998,1.0
Q075,notebooklm,medium,0.0,0.0,0.0,0.0,1.0
Q073,notebooklm,medium,0.0,0.0,0.0,0.6791666666496875,1.0
Q079,notebooklm,hard,0.0,0.5714285714285714,0.0,0.0,0.5
Q078,notebooklm,hard,0.0,0.0,0.0,0.0,0.0
Q074,notebooklm,medium,0.0,0.8181818181818182,0.8789233310100902,0.0,0.0
Q080,notebooklm,hard,0.0,0.0,0.0,0.0,0.0
Q077,notebooklm,hard,0.0,0.9,0.8836973041760292,0.49999999995,1.0
Q081,notebooklm,hard,0.0,0.0,0.0,0.0,0.0
Q082,notebooklm,hard,0.0,0.25,0.0,0.0,0.0
Q083,notebooklm,hard,0.0,0.5,0.0,0.99999999998,0.0
Q076,notebooklm,hard,0.0,0.875,0.8795693263655443,0.19999999998,1.0
Q085,notebooklm,hard,0.0,0.0,0.0,0.3333333333,0.0
Q086,notebooklm,hard,0.0,0.3333333333333333,0.0,0.49999999995,0.6666666666666666
Q088,notebooklm,hard,0.0,0.0,0.0,0.0,0.0
Q087,notebooklm,hard,0.0,0.6666666666666666,0.8344203184324386,0.0,0.0
Q090,notebooklm,hard,0.0,0.6666666666666666,0.0,0.7555555555303703,0.0
Q084,notebooklm,hard,0.0,0.9444444444444444,0.8753853268037548,0.249999999975,0.0
Q091,notebooklm,hard,0.0,0.6666666666666666,0.0,0.0,0.0
Q092,notebooklm,hard,0.0,0.9090909090909091,0.0,0.0,0.0
Q089,notebooklm,hard,0.0,1.0,0.8631220236860384,0.7499999999625,1.0
Q094,notebooklm,hard,0.0,0.0,0.0,0.0,0.0
Q095,notebooklm,hard,0.0,0.0,0.0,0.0,0.0
Q097,notebooklm,hard,0.0,0.0,0.0,0.0,0.0
Q093,notebooklm,hard,0.0,0.0,0.0,0.0,0.0
Q096,notebooklm,hard,0.0,0.0,0.0,0.0,0.0
Q098,notebooklm,hard,0.0,0.8333333333333334,0.0,0.94999999997625,0.0
Q099,notebooklm,hard,0.0,0.5,0.0,0.0,0.0
Q100,notebooklm,hard,0.0,0.0,0.0,0.0,0.0
Q001,gemini_gems,easy,0.0,0.25,0.9999999999999999,0.3333333333,0.0
Q002,gemini_gems,easy,0.0,0.9047619047619048,0.0,0.0,0.0
Q004,gemini_gems,easy,0.0,0.23529411764705882,0.8045500452415238,0.0,0.0
Q005,gemini_gems,easy,0.0,0.2777777777777778,0.8099612265093542,0.0,0.0
Q003,gemini_gems,easy,0.0,0.8333333333333334,0.9649608456531095,0.0,0.0
Q006,gemini_gems,easy,0.0,0.6956521739130435,0.8940823233523107,0.0,0.0
Q007,gemini_gems,easy,0.0,0.0,0.9242848919890739,0.0,0.0
Q008,gemini_gems,easy,0.0,0.034482758620689655,0.8641947535122013,0.0,0.0
Q009,gemini_gems,easy,0.0,0.0967741935483871,0.8404796368202311,0.0,0.0
Q010,gemini_gems,easy,0.0,0.0625,0.9166267466180248,0.0,0.0
Q011,gemini_gems,easy,0.0,0.34615384615384615,0.9180023879762261,0.0,0.0
Q013,gemini_gems,easy,0.0,0.15789473684210525,0.9738280431410891,0.0,0.0
Q012,gemini_gems,easy,0.0,0.13043478260869565,0.9103826884503152,0.0,0.0
Q015,gemini_gems,easy,0.0,0.17142857142857143,0.8564581824681776,0.0,0.0
Q014,gemini_gems,easy,0.0,0.8518518518518519,0.0,0.0,0.0
Q016,gemini_gems,easy,0.0,0.5294117647058824,0.0,0.0,0.0
Q017,gemini_gems,easy,0.0,0.2857142857142857,0.0,0.0,0.0
Q018,gemini_gems,easy,0.0,0.05,0.8864583630242056,0.0,0.0
Q019,gemini_gems,easy,0.0,0.84,0.9173962455205795,0.0,0.0
Q020,gemini_gems,easy,0.0,0.8695652173913043,0.9271454127596158,0.0,0.0
Q021,gemini_gems,easy,0.0,0.0,0.9910158966689239,0.0,0.0
Q022,gemini_gems,easy,0.0,0.0,0.842561550241563,0.0,0.0
Q024,gemini_gems,easy,0.0,0.6470588235294118,0.8956071092656234,0.0,0.0
Q023,gemini_gems,easy,0.0,0.0,0.9214455329750794,0.0,0.0
Q025,gemini_gems,easy,0.0,0.7916666666666666,0.8591699961946119,0.0,0.0
Q027,gemini_gems,easy,0.0,0.0,0.9310461484163194,0.0,0.0
Q026,gemini_gems,easy,0.0,0.4583333333333333,0.879080830658697,0.0,0.0
Q029,gemini_gems,easy,0.0,0.7142857142857143,0.8338601534668043,0.0,0.0
Q028,gemini_gems,easy,0.0,0.9655172413793104,0.9999999999999999,0.0,0.0
Q030,gemini_gems,easy,0.0,0.3,0.8743567592227702,0.0,0.0
Q032,gemini_gems,easy,0.0,0.75,0.8576586401953777,0.0,0.0
Q031,gemini_gems,easy,0.0,0.8125,0.0,0.0,0.0
Q034,gemini_gems,easy,0.0,0.625,0.9074740218730994,0.0,0.0
Q033,gemini_gems,easy,0.0,0.0,0.892287308131802,0.0,0.0
Q035,gemini_gems,easy,0.0,0.0,0.9322511749325217,0.0,0.0
Q036,gemini_gems,easy,0.0,1.0,0.9539375506634797,0.0,0.0
Q037,gemini_gems,easy,0.0,0.11764705882352941,0.8540434713217208,0.0,0.0
Q038,gemini_gems,easy,0.0,0.2857142857142857,0.912573639947821,0.0,0.0
Q039,gemini_gems,easy,0.0,0.0,0.8897018174253035,0.0,0.0
Q040,gemini_gems,easy,0.0,0.7647058823529411,0.8629723764528113,0.0,0.0
Q041,gemini_gems,medium,0.0,0.8163265306122449,0.9024925895799649,0.0,1.0
Q043,gemini_gems,medium,0.0,0.9032258064516129,1.0000000000000009,0.7499999999625,1.0
Q042,gemini_gems,medium,0.0,0.32,0.8932477779643383,0.249999999975,1.0
Q044,gemini_gems,medium,0.0,0.09302325581395349,0.8811890318834915,0.9999999999,1.0
Q045,gemini_gems,medium,0.0,1.0,0.8703027890086625,0.49999999995,0.0
Q046,gemini_gems,medium,0.0,0.967741935483871,0.8607708112938205,0.0,0.0
Q048,gemini_gems,medium,0.0,0.03389830508474576,0.8489691374952925,0.0,0.0
Q047,gemini_gems,medium,0.0,0.0,0.8618251860106115,0.0,0.0
Q049,gemini_gems,medium,0.0,0.42857142857142855,0.8621182340072214,0.699999999965,1.0
Q050,gemini_gems,medium,0.0,0.2647058823529412,0.8369149661928114,0.9999999999,1.0
Q052,gemini_gems,medium,0.0,0.9642857142857143,0.8565704336006138,0.0,0.0
Q051,gemini_gems,medium,0.0,0.6296296296296297,0.9195345355205718,0.0,1.0
Q053,gemini_gems,medium,0.0,0.9642857142857143,0.8535737376114145,0.99999999998,1.0
Q054,gemini_gems,medium,0.0,0.8571428571428571,0.0,0.0,0.0
Q055,gemini_gems,medium,0.0,0.8461538461538461,0.0,0.0,0.0
Q059,gemini_gems,medium,0.0,0.0,0.8163286346369243,0.0,0.0
Q057,gemini_gems,medium,0.0,0.0,0.8798831525710221,0.0,0.0
Q056,gemini_gems,medium,0.0,0.9,0.8264007838928412,0.0,0.0
Q058,gemini_gems,medium,0.0,0.5106382978723404,0.8650669095190665,0.0,0.0
Q060,gemini_gems,medium,0.0,0.24444444444444444,0.8946114191802245,0.9999999999,1.0
Q061,gemini_gems,medium,0.0,0.9807692307692307,0.8634501893232026,0.94999999997625,1.0
Q063,gemini_gems,medium,0.0,0.34210526315789475,0.9381727873053686,0.0,0.0
Q062,gemini_gems,medium,0.0,0.8823529411764706,0.8959761107254242,0.0,0.0
Q065,gemini_gems,medium,0.0,0.5,0.87876928605403,0.99999999995,0.0
Q064,gemini_gems,medium,0.0,0.9402985074626866,0.9119724289658269,0.0,0.0
Q070,gemini_gems,medium,0.0,0.0,0.0,0.0,0.0
Q067,gemini_gems,medium,0.0,0.9411764705882353,0.8797144275335227,0.8041666666465626,1.0
Q066,gemini_gems,medium,0.0,0.96,0.9015952869052953,0.0,0.0
Q068,gemini_gems,medium,0.0,0.8285714285714286,0.8978144909889133,0.8666666666377778,0.0
Q069,gemini_gems,medium,0.0,0.8095238095238095,0.8632108975572056,0.4166666666458333,1.0
Q072,gemini_gems,medium,0.0,1.0,0.9092315426907063,0.9999999999,0.0
Q073,gemini_gems,medium,0.0,0.9318181818181818,0.8777636301094374,0.6791666666496875,1.0
Q074,gemini_gems,medium,0.0,1.0,0.8870735435998306,0.0,0.0
Q071,gemini_gems,medium,0.0,0.30952380952380953,0.8899983986268482,0.249999999975,1.0
Q075,gemini_gems,medium,0.0,0.725,0.8674526503247413,0.0,1.0
Q077,gemini_gems,hard,0.0,0.9361702127659575,0.8744744345061524,0.0,1.0
Q076,gemini_gems,hard,0.0,0.25,0.8891663123715453,0.19999999998,1.0
Q079,gemini_gems,hard,0.0,0.8888888888888888,0.0,0.0,0.5
Q080,gemini_gems,hard,0.0,0.0,0.8944573641933595,0.0,0.0
Q082,gemini_gems,hard,0.0,0.8837209302325582,0.8756519901050598,0.0,0.0
Q081,gemini_gems,hard,0.0,0.417910447761194,0.876531880158175,0.0,0.0
Q083,gemini_gems,hard,0.0,0.9821428571428571,0.8570807001507538,0.32499999998375,0.0
Q084,gemini_gems,hard,0.0,0.6346153846153846,0.8790527287821222,0.0,0.0
Q085,gemini_gems,hard,0.0,0.86,0.8817528486887021,0.5833333333041666,0.0
Q086,gemini_gems,hard,0.0,0.07352941176470588,0.8731448343188746,0.49999999995,0.6666666666666666
Q087,gemini_gems,hard,0.0,0.9354838709677419,0.8342846370435085,0.0,0.0
Q088,gemini_gems,hard,0.0,0.8,0.8560452342867478,0.0,0.0
Q089,gemini_gems,hard,0.0,0.9142857142857143,0.8483244018952563,0.7499999999625,1.0
Q090,gemini_gems,hard,0.0,0.9591836734693877,0.8553348170926846,0.7555555555303703,0.5
Q091,gemini_gems,hard,0.0,0.0,0.8556354578472366,0.0,0.0
Q092,gemini_gems,hard,0.0,0.9795918367346939,0.8768654489278992,0.0,0.0
Q094,gemini_gems,hard,0.0,0.9411764705882353,0.8400832417600611,0.0,0.0
Q095,gemini_gems,hard,0.0,0.4857142857142857,0.0,0.0,0.0
Q097,gemini_gems,hard,0.0,0.0,0.8754807783669498,0.0,0.0
Q093,gemini_gems,hard,0.0,0.8813559322033898,0.0,0.0,0.0
Q098,gemini_gems,hard,0.0,0.8181818181818182,0.8772129039902211,0.94999999997625,0.0
Q099,gemini_gems,hard,0.0,0.375,0.0,0.0,0.0
Q100,gemini_gems,hard,0.0,0.3333333333333333,0.0,0.0,0.0
Q078,gemini_gems,hard,0.0,,,0.0,0.0
Q096,gemini_gems,hard,0.0,,,0.0,0.0
Q001,custom_gpt,easy,0.0,0.21428571428571427,0.8361178662067091,0.3333333333,0.0
Q005,custom_gpt,easy,0.0,0.2,0.8285640946694979,0.0,0.0
Q004,custom_gpt,easy,0.0,0.0,0.8161539637744252,0.0,0.0
Q002,custom_gpt,easy,0.0,0.0,0.8712108863073921,0.0,0.0
Q003,custom_gpt,easy,0.0,0.36666666666666664,0.9014296854048998,0.0,0.0
Q007,custom_gpt,easy,0.0,0.0,0.8154654471001112,0.0,0.0
Q006,custom_gpt,easy,0.0,0.0,0.8524627811239375,0.0,0.0
Q008,custom_gpt,easy,0.0,0.0,0.838767224495545,0.0,0.0
Q010,custom_gpt,easy,0.0,0.0,0.8599818587781874,0.0,0.0
Q011,custom_gpt,easy,0.0,0.0,0.8651209010804956,0.0,0.0
Q009,custom_gpt,easy,0.0,0.0,0.8400800526662563,0.0,0.0
Q013,custom_gpt,easy,0.0,0.5714285714285714,0.84123957978481,0.0,0.0
Q015,custom_gpt,easy,0.0,0.3333333333333333,0.8636651268528761,0.0,0.0
Q012,custom_gpt,easy,0.0,0.5806451612903226,0.8583751736921811,0.0,0.0
Q014,custom_gpt,easy,0.0,0.0,0.8471867697690945,0.0,0.0
Q016,custom_gpt,easy,0.0,0.0,0.8087502849178944,0.0,0.0
Q020,custom_gpt,easy,0.0,0.0,0.8515875869815273,0.0,0.0
Q019,custom_gpt,easy,0.0,0.0,0.8358263155385145,0.0,0.0
Q018,custom_gpt,easy,0.0,0.4,0.8983184821214758,0.0,0.0
Q017,custom_gpt,easy,0.0,0.0,0.8818252170651788,0.0,0.0
Q021,custom_gpt,easy,0.0,0.0,0.8308141105174979,0.0,0.0
Q023,custom_gpt,easy,0.0,0.0,0.8442246131674221,0.0,0.0
Q022,custom_gpt,easy,0.0,0.0,0.844498259264901,0.0,0.0
Q024,custom_gpt,easy,0.0,0.10526315789473684,0.860380707489035,0.0,0.0
Q026,custom_gpt,easy,0.0,0.0,0.8700050512207347,0.0,0.0
Q027,custom_gpt,easy,0.0,0.0,0.9310461484163203,0.0,0.0
Q025,custom_gpt,easy,0.0,0.0,0.8635646547152894,0.0,0.0
Q028,custom_gpt,easy,0.0,0.0,0.8445134090545526,0.0,0.0
Q029,custom_gpt,easy,0.0,0.375,0.8307596730447885,0.0,0.0
Q030,custom_gpt,easy,0.0,0.6428571428571429,0.8659159485405971,0.0,0.0
Q032,custom_gpt,easy,0.0,0.5789473684210527,0.8457814465648493,0.0,0.0
Q034,custom_gpt,easy,0.0,0.0,0.8927325972669217,0.0,0.0
Q033,custom_gpt,easy,0.0,0.0,0.8532331196639653,0.0,0.0
Q031,custom_gpt,easy,0.0,0.041666666666666664,0.8714263668400674,0.0,0.0
Q035,custom_gpt,easy,0.0,0.0,0.8552225202063605,0.0,0.0
Q037,custom_gpt,easy,0.0,0.0,0.8266222114530755,0.0,0.0
Q038,custom_gpt,easy,0.0,0.0,0.8572213248025476,0.0,0.0
Q036,custom_gpt,easy,0.0,0.0,0.8391210050177381,0.0,0.0
Q039,custom_gpt,easy,0.0,0.0,0.8829324959532348,0.0,0.0
Q040,custom_gpt,easy,0.0,0.22727272727272727,0.8491806492192039,0.0,0.0
Q041,custom_gpt,medium,0.0,0.0,0.9057182899003234,0.0,1.0
Q042,custom_gpt,medium,0.0,0.40625,0.8441160411461054,0.249999999975,1.0
Q044,custom_gpt,medium,0.0,0.8064516129032258,0.8871884443945768,0.9999999999,1.0
Q043,custom_gpt,medium,0.0,0.9,0.8326073821268049,0.7499999999625,1.0
Q046,custom_gpt,medium,0.0,0.84375,0.8997925864196374,0.0,0.0
Q045,custom_gpt,medium,0.0,1.0,0.8701459148910103,0.49999999995,0.0
Q048,custom_gpt,medium,0.0,0.7407407407407407,0.8458100143533532,0.0,0.0
Q049,custom_gpt,medium,0.0,0.7916666666666666,0.8625274910558863,0.7499999999625,1.0
Q047,custom_gpt,medium,0.0,0.0,0.8618251860106113,0.0,0.0
Q050,custom_gpt,medium,0.0,1.0,0.826144439856,0.9999999999,1.0
Q051,custom_gpt,medium,0.0,0.08,0.9007800730947045,0.19999999998,1.0
Q052,custom_gpt,medium,0.0,0.0,0.8763770324863179,0.0,0.0
Q053,custom_gpt,medium,0.0,0.8888888888888888,0.8730673922361999,0.99999999998,1.0
Q054,custom_gpt,medium,0.0,0.0,0.8430670381874684,0.0,0.0
Q055,custom_gpt,medium,0.0,0.0,0.8361593652261362,0.0,0.0
Q057,custom_gpt,medium,0.0,0.0,0.8789013870693013,0.0,0.0
Q056,custom_gpt,medium,0.0,0.5416666666666666,0.8260126730600663,0.0,1.0
Q060,custom_gpt,medium,0.0,0.3333333333333333,0.8628857570467799,0.9999999999,1.0
Q059,custom_gpt,medium,0.0,0.0,0.8257126378919004,0.0,0.0
Q058,custom_gpt,medium,0.0,0.07407407407407407,0.8793149605476758,0.0,0.0
Q062,custom_gpt,medium,0.0,0.047619047619047616,0.8940807655753701,0.0,0.0
Q061,custom_gpt,medium,0.0,0.8571428571428571,0.8575031369118228,0.94999999997625,1.0
Q063,custom_gpt,medium,0.0,0.5862068965517241,0.9073167391018714,0.0,0.0
Q065,custom_gpt,medium,0.0,0.44,0.8624995447761948,0.8666666666377778,0.0
Q066,custom_gpt,medium,0.0,0.25,0.9023351554352126,0.0,0.0
Q064,custom_gpt,medium,0.0,0.0,0.8638787551488059,0.0,1.0
Q067,custom_gpt,medium,0.0,1.0,0.8779871579291488,0.8041666666465626,1.0
Q070,custom_gpt,medium,0.0,0.14285714285714285,0.8782825680187543,0.0,0.0
Q068,custom_gpt,medium,0.0,0.9545454545454546,0.8744226396438809,0.94999999997625,1.0
Q071,custom_gpt,medium,0.0,0.4,0.8792515973388145,0.249999999975,1.0
Q069,custom_gpt,medium,0.0,0.875,0.8401573991136638,0.4166666666458333,1.0
Q073,custom_gpt,medium,0.0,1.0,0.8724993473836736,0.6791666666496875,1.0
Q072,custom_gpt,medium,0.0,0.2413793103448276,0.8405082411204634,0.0,0.0
Q075,custom_gpt,medium,0.0,0.0,0.9045389275476725,0.0,1.0
Q074,custom_gpt,medium,0.0,0.9642857142857143,0.8861577313633259,0.0,0.0
Q076,custom_gpt,hard,0.0,0.0,0.8953895577485703,0.19999999998,0.5
Q077,custom_gpt,hard,0.0,0.8113207547169812,0.866261789540122,0.49999999995,1.0
Q079,custom_gpt,hard,0.0,0.08333333333333333,0.8829750384691728,0.0,0.0
Q078,custom_gpt,hard,0.0,0.37142857142857144,0.8724760405499182,0.0,0.0
Q080,custom_gpt,hard,0.0,0.0,0.8959482465892505,0.0,0.0
Q082,custom_gpt,hard,0.0,0.20689655172413793,0.9062146735809608,0.0,0.0
Q081,custom_gpt,hard,0.0,0.5277777777777778,0.8822544323246753,0.0,0.0
Q084,custom_gpt,hard,0.0,0.9166666666666666,0.8878855032341509,0.249999999975,0.0
Q085,custom_gpt,hard,0.0,0.45714285714285713,0.8822152165296488,0.5833333333041666,0.0
Q083,custom_gpt,hard,0.0,1.0,0.8652461097233389,0.47777777776185176,0.0
Q086,custom_gpt,hard,0.0,0.6486486486486487,0.8954442050483792,0.49999999995,1.0
Q089,custom_gpt,hard,0.0,0.6296296296296297,0.8648308270428658,0.7499999999625,1.0
Q087,custom_gpt,hard,0.0,0.967741935483871,0.8405868582855236,0.0,0.0
Q088,custom_gpt,hard,0.0,0.08695652173913043,0.8785358356914195,0.0,0.5
Q090,custom_gpt,hard,0.0,0.85,0.8557861889862428,0.5888888888692593,0.0
Q091,custom_gpt,hard,0.0,0.0,0.870794344622244,0.0,0.0
Q094,custom_gpt,hard,0.0,0.2222222222222222,0.7856143938962689,0.0,0.0
Q092,custom_gpt,hard,0.0,0.32,0.8839498104982639,0.3333333333,0.0
Q095,custom_gpt,hard,0.0,0.0,0.8336718227510067,0.0,0.0
Q096,custom_gpt,hard,0.0,0.0,0.8506909695144294,0.0,0.0
Q093,custom_gpt,hard,0.0,0.2826086956521739,0.8848714585737887,0.0,0.0
Q097,custom_gpt,hard,0.0,0.9411764705882353,0.8594703677268377,0.0,0.0
Q100,custom_gpt,hard,0.0,0.3,0.9932485960955284,0.0,1.0
Q099,custom_gpt,hard,0.0,0.2564102564102564,0.8471802471892403,0.0,0.0
Q098,custom_gpt,hard,0.0,0.8461538461538461,0.8848487683187628,0.94999999997625,0.0
